Art/Design/Photography,Artist/Band/Public Figure,Auto/Vehicle,Books/Newspaper/Publications,Business/Advertising/Marketing,Brand/Product,Comedy/Funny,Company/Organization/Institution,Dating/Flirting/Chatting,Education/School,Entertainment/Masti,Family/Relationships,Fan Club/Celebrities,Farming/Gardening,Fashion/Style/Clothing,Film/Animation,Food/Drinks,Gaming/Apps,Health/Beauty/Fitness,Jobs/Career,Money/Earning/Gifts,Music/Audio/Songs,News/Magazine/Politics,Offers/Deals,Pets/Animals/Nature,Roleplay/Comics,Science/Technology,Shopping/Buy/Sell,Social/Friendship/Community,Software/Internet/Programming,Spiritual/Religious/Devotional,Sports/Games,Thoughts/Quotes/Jokes,Travel/Local/Place,Adult/18+/Hot
Natural,Actor,Boats & Watercraft,Audio Books,Print Media,Appliance,Funny Jokes,Automobiles/Parts,Dating Apps,Primary School,Album,Politics,Television,Water Filters,Store,Bollywood Movies,Drink Store,Online Games,Anti Aging,Training,Cards & Greetings,Classical,Celebrities Gossip,Automotive,Aquarium Coral Reefs,Abstract comics,Construction,Agents & Brokerages,Animal Rights Activism,Downloadable Utilities,Spiritual Articles,Athletics,Anniversary Day,Art Gallery,Content Search/Links
Clipart,Artist,Used Motor Vehicles,E-Books,News Agency,Baby Goods,Comedy Shows,Computers/Technology,Hook up Dating,Secondary School,Book,Sports,Literary,,Outer wear,Hollywood Movies,Restaurant,Offline Games,Body Art,Job Listings,Personal Gifts,Country,General News,Books,Aquarium Plants,Adult comics,Transportation,Real Estate Listings,Astrology & Horoscopes,Mobile App Utilities,Spiritual Books,Australian Football League,Art Favorite,Book Store,Popular Match Systems
Adventure,Athlete,Driving Instruction,Public Records,Website,Clothing,Funny Videos,Consulting/Business Services,Daiting Over 50,College/Institution,Concert Tour,Business,Animation,,Active wear,Web Series,,Dating Apps,Baby Care/Hygiene,Language Education,Gifts Suggestions,Electronic Dance,Business/Finance,Buying Guide,Aquarium Tropical Fish,Alternative comics,Energy/Power,Rental Listings,Buddhism,Software Programming,Spiritual Connection,Basketball,Beauty,Food/Grocery,Dating
,Author,Driving Education,Translation,Online Shopping,Electronics,Aggressive Humour,Food/Beverages,Female Friendly,University,Fantasy Sports,Close friends,Comics,,Swimwear,Television Shows,,Among Us,Hair Care,Music Education & Instruction,Parties & Party Supplies,Hip Hop,Computers/IT Business,Cameras & Accessories,Birds,Autobiographical comics,Communication,Relocation & Household Moving,Christianity,Website Development,Spiritual Education,Boating & Marine,Birthday,Hotel,Magazine/News
,Business Person,Vehicle Dealers,Weather,Side Business,Food/Beverages,Comedy Drama,Health/Beauty,Asian Dating,Technical/Vocational,Fun & Trivia,Neighbour,Music,,Tailored clothing/Suits,,,Angry Birds,Make up/Cosmetics,Online Education & Degree Programs,Weddings,Indie rock,Economics,Computer Accessories,Cats,Celebrity comics,Manufacturing,Property Development,Environmental Activism,Tips and Tricks,Spiritual Facts,Bowls,Christmas,Movie Theatre,Nudity
,Chef,Vehicle Repair & Maintenance,Book Retailers,Smoking,Furniture,Musical Comedy‎,Banking/Insurance ,Indian Dating,Adult/Fundamental Education,Humor & Jokes,,Bollywood,,Social wear/special occasion wear,,,Angry Birds 2,Maternity/New Parent,Standardized & Admissions Tests,,Jazz,Health,Credit Cards,Dogs,Crime comics,Biology,Real Estate Agents & Brokerages,Hinduism,Technical Reviews,Spiritual Guidance,Boxing,Dating,Nightclubs/Bars/Music Clubs,Sexual Services
,Coach,Vehicle Parts & Accessories,,Alcoholic Products,Games/Toys,Horror Comedy‎,Internet/Software,Religious Dating,Regional Education,Library,,Hollywood,,Casual wear/Sports wear,,,Angry Birds Friends,Oral Care,Training & Certification,,K-pop,Medicine,Electronic Products,Horse Breeds,Design comics,,Relocation & Household Moving,Islam,Telecommunications,Spiritual Journey,Cricket,Education,Restaurant/Cafe,Sexual Expression
,Doctor,,,Mobile Operators,Health/Beauty,Workplace Comedies‎,Social Service/Non-Profit,Single Parents Dating,International Education,Magazine,,Punjabi Films,,Leg wear,,,Arena of Valor,Perfumes/Fragrances,Tutoring Services,,Metal,Pharmacy Industry,Entertainment,Reptiles - Amphibians,Erotic comics,,,Judaism,Internet/System/Network Security,Spiritual Knowledge,Cycling,Failure,School/College,Sex Education
,Entertainer,,,Agriculture,Jewelry/Watches,Stand Up Comedy,Media/News/Publishing,Gay & Lesbian,Subject Tuitions Services,Movies & Films,,,,Neckwear,,,Arknights,Shaving/Grooming,Vocational Training & Trade Schools,,Oldies,Advertising/Marketing,Fashion,Saltwater Fish,Fantasy comics,,,Scientology,Hacking/Cracking,Spiritual Novels,Equestrian,Famous,Shopping/Retail,Stories
,Journalist,,,Books/ebooks,Kitchen/Cooking,Romantic Comedy‎,Travel/Tourism,Dating for Professionals,Research Topics,Music & Audio,,,,Shawls and wraps,,,Brave Frontier,Skin Care,,,Pop,Banking/Finance,Food,Small Animals,Fumetti neri,,,Reproductive Rights,Malware,Spiritual Organization,Fishing,Father's Day,Bicycles/Accessories,Single Parents Dating
,Lawyer,,,Transport Service & Freight,Pet Supplies,Character Comedy,,Facebook Dating,,Radio Station,,,,Bridal wear,,,Brawl Stars,Medical Store,,,Rap,Entrepreneurship,Footwear,Companion Animals,Gag cartoon,,,Work & Labor Issues,Spamming,Spiritual Person,Global Cycling Associations,Fitness,Real Estate,Gay & Lesbian
,Musician/Band,,,,,Insult Comedy,,,,Record Label,,,,Evening wear,,,Call of Duty,Tanning & Sun Care,,,Rhythm & blues,Franchising,Free Cashback Deals,Working Animals,Gag-a-day,,,,Spyware,Spiritual Quotes,Golf,Food,,Dating for Professionals
,Politician,,,,,Comedy Music,,,,Sports Venue,,,,Undergarments,,,Candy Crush Saga,Fitness Classes/Instruction,,,Rock,Innovation & Startup Policy,Free Stuff,Show Animals,Metacomic,,,,Botnets,Spiritual Questions,Guns & Hunting,Funny,,Facebook Dating
,Teacher,,,,,,,,,TV Channel,,,,Uniforms & Work wear,,,Chain Chronicle,Gyms/Gym Memberships,,,African,Insurance,Free Survey & Earn Money,Outdoor pets,Non-fiction comics,,,,Infected Sites,Spiritual Research,Gymnastics,Future,,Religious Dating
,Writer,,,,,,,,,TV Show,,,,Knit wear,,,Clash Royale,Personal Training,,,Bollywood,Media/PR Trade,Gifts,,Pantomime comics,,,,Phishing Sites,Spiritual Songs,Hobbies & Crafts,Happiness,,Grotesque
,,,,,,,,,,Visual Art & Design,,,,Lounge wear,,,Clash of Clans,,,,Punjabi,Mining/Resources,Grocery,,Romance comics,,,,Keyloggers,Spiritual Stories,Hockey,Health,,
,,,,,,,,,,,,,,Shirts and blouses,,,Disney Crossy Road,,,,Rafi,Money/Personal Finance,Health/Beauty/Personal Care,,Science fiction comics,,,,Mobile Malware,Spiritual Status,Horse Racing,History,,
,,,,,,,,,,,,,,Bottoms,,,Disney Tsum Tsum,,,,Caribbean,Nonprofit/Charities/Fundraising,Home/Kitchen Appliances,,Larry Stroman,,,,BOT Phone Home,Spiritual Thoughts,Martial Arts,Knowledge,,
,,,,,,,,,,,,,,Sleep wear,,,DomiNations,,,,European,Politics/Government,Home Decor & Furnishing,,Superhero comics,,,,,Spiritual Yoga,Motorbike,Leadership,,
,,,,,,,,,,,,,,Resort wear,,,Dragon Ball Z,,,,Latin,Entertainment/Art/Culture,Hosting & Domains,,Teen humor comics,,,,,,Motorsports,Marriage,,
,,,,,,,,,,,,,,Mourning wear,,,FIFA Mobile,,,,,Movies/Music,Kids,,Text comics,,,,,,Netball,Medical,,
,,,,,,,,,,,,,,,,,Final Fantasy Brave Exvius,,,,,,Kitchen & Dining,,Underground comix,,,,,,Rugby,Mother's Day,,
,,,,,,,,,,,,,,,,,Fishdom,,,,,,Laptops & Computers,,War comics,,,,,,Skateboarding,Politics,,
,,,,,,,,,,,,,,,,,Flappy Bird,,,,,,Luggage And Bags,,Western comics,,,,,,Soccer,Positive,,
,,,,,,,,,,,,,,,,,Fortnite,,,,,,Medicines,,,,,,,,Softball,Relationship,,
,,,,,,,,,,,,,,,,,Fruit Ninja,,,,,,Mobiles,,,,,,,,Swimming/Watersports,Religion,,
,,,,,,,,,,,,,,,,,Gardenscapes,,,,,,Mobile Accessories,,,,,,,,Tennis,Romantic,,
,,,,,,,,,,,,,,,,,Garena Free Fire,,,,,,Mobile Recharge,,,,,,,,Winter Sports,Sad,,
,,,,,,,,,,,,,,,,,Genshin Impact,,,,,,Pet Care,,,,,,,,Boating/Water Recreation,Science,,
,,,,,,,,,,,,,,,,,Granblue Fantasy,,,,,,Recharge,,,,,,,,Fitness Classes/Instruction,Sports,,
,,,,,,,,,,,,,,,,,Hearthstone,,,,,,Sport/Fitness,,,,,,,,Gyms/Gym Memberships,Technology,,
,,,,,,,,,,,,,,,,,Homescapes,,,,,,Travelling,,,,,,,,Personal Training,Valentine Day,,
,,,,,,,,,,,,,,,,,Honor of Kings,,,,,,,,,,,,,,Sports Equipment,War,,
,,,,,,,,,,,,,,,,,Ice Age Village,,,,,,,,,,,,,,Sports Rental Services,Wedding,,
,,,,,,,,,,,,,,,,,Ingress,,,,,,,,,,,,,,,,,
,,,,,,,,,,,,,,,,,League of Legends,,,,,,,,,,,,,,,,,
,,,,,,,,,,,,,,,,,Lineage 2 Revolution,,,,,,,,,,,,,,,,,
,,,,,,,,,,,,,,,,,Ludo King,,,,,,,,,,,,,,,,,
,,,,,,,,,,,,,,,,,Mario Kart Tour,,,,,,,,,,,,,,,,,
,,,,,,,,,,,,,,,,,Minecraft,,,,,,,,,,,,,,,,,
,,,,,,,,,,,,,,,,,Monster Strike,,,,,,,,,,,,,,,,,
,,,,,,,,,,,,,,,,,Monument Valley,,,,,,,,,,,,,,,,,
,,,,,,,,,,,,,,,,,Nitro Nation Online,,,,,,,,,,,,,,,,,
,,,,,,,,,,,,,,,,,One Piece Bounty Rush,,,,,,,,,,,,,,,,,
,,,,,,,,,,,,,,,,,One Piece Treasure Cruise,,,,,,,,,,,,,,,,,
,,,,,,,,,,,,,,,,,PES 2018 Mobile,,,,,,,,,,,,,,,,,
,,,,,,,,,,,,,,,,,PES Club Manager,,,,,,,,,,,,,,,,,
,,,,,,,,,,,,,,,,,PUBG MOBILE,,,,,,,,,,,,,,,,,
,,,,,,,,,,,,,,,,,Pokémon Duel,,,,,,,,,,,,,,,,,
,,,,,,,,,,,,,,,,,Pokémon GO,,,,,,,,,,,,,,,,,
,,,,,,,,,,,,,,,,,Gray Raven,,,,,,,,,,,,,,,,,
,,,,,,,,,,,,,,,,,Puzzle & Dragons,,,,,,,,,,,,,,,,,
,,,,,,,,,,,,,,,,,QQ Speed Mobile,,,,,,,,,,,,,,,,,
,,,,,,,,,,,,,,,,,Quiz RPG,,,,,,,,,,,,,,,,,
,,,,,,,,,,,,,,,,,Rage of Bahamut,,,,,,,,,,,,,,,,,
,,,,,,,,,,,,,,,,,Roblox,,,,,,,,,,,,,,,,,
,,,,,,,,,,,,,,,,,Sonic Dash,,,,,,,,,,,,,,,,,
,,,,,,,,,,,,,,,,,Subway Surfers,,,,,,,,,,,,,,,,,
,,,,,,,,,,,,,,,,,Super Mario Run,,,,,,,,,,,,,,,,,
,,,,,,,,,,,,,,,,,The Battle Cats,,,,,,,,,,,,,,,,,
,,,,,,,,,,,,,,,,,Township,,,,,,,,,,,,,,,,,
,,,,,,,,,,,,,,,,,War Robots,,,,,,,,,,,,,,,,,
,,,,,,,,,,,,,,,,,White Cat Project,,,,,,,,,,,,,,,,,
,,,,,,,,,,,,,,,,,World of Tanks,,,,,,,,,,,,,,,,,